도로롱,https://static.wikia.nocookie.net/palworld/images/4/47/Lamball.png
까부냥,https://static.wikia.nocookie.net/palworld/images/5/59/Cattiva.png
꼬꼬닭,https://static.wikia.nocookie.net/palworld/images/e/e9/Chikipi.png
큐룰리스,https://static.wikia.nocookie.net/palworld/images/c/c4/Lifmunk.png
파이호,https://static.wikia.nocookie.net/palworld/images/d/dd/Foxparks.png
청부리,https://static.wikia.nocookie.net/palworld/images/6/6c/Fuack.png
번개냥,https://static.wikia.nocookie.net/palworld/images/e/ee/Sparkit.png
몽지,https://static.wikia.nocookie.net/palworld/images/3/34/Tanzee.png
불꽃밤비,https://static.wikia.nocookie.net/palworld/images/e/e5/Rooby.png
펭키,https://static.wikia.nocookie.net/palworld/images/b/b3/Pengullet.png
펭킹,https://static.wikia.nocookie.net/palworld/images/5/5c/Penking.png
찌릿도치,https://static.wikia.nocookie.net/palworld/images/5/50/Jolthog.png
코치도치,https://static.wikia.nocookie.net/palworld/images/d/dc/Jolthog_Cryst.png
초롱이,https://static.wikia.nocookie.net/palworld/images/f/f3/Gumoss.png
초롱이 (Special),https://static.wikia.nocookie.net/palworld/images/f/f3/Gumoss.png
미호,https://static.wikia.nocookie.net/palworld/images/7/79/Vixy.png
아테노울,https://static.wikia.nocookie.net/palworld/images/c/c5/Hoocrates.png
차코리,https://static.wikia.nocookie.net/palworld/images/2/2b/Teafant.png
뚱코알라,https://static.wikia.nocookie.net/palworld/images/8/8b/Depresso.png
밀피,https://static.wikia.nocookie.net/palworld/images/9/96/Cremis.png
몽마둥이,https://static.wikia.nocookie.net/palworld/images/d/d7/Daedream.png
돌진돼지,https://static.wikia.nocookie.net/palworld/images/6/6d/Rushoar.png
루나티,https://static.wikia.nocookie.net/palworld/images/2/2e/Nox.png
두더비,https://static.wikia.nocookie.net/palworld/images/b/ba/Fuddler.png
고스문,https://static.wikia.nocookie.net/palworld/images/b/bf/Killamari.png
냐옹테트,https://static.wikia.nocookie.net/palworld/images/2/21/Mau.png
칠테트,https://static.wikia.nocookie.net/palworld/images/b/bf/Mau_Cryst.png
루미카이트,https://static.wikia.nocookie.net/palworld/images/a/aa/Celaray.png
다크울프,https://static.wikia.nocookie.net/palworld/images/1/14/Direhowl.png
알록새,https://static.wikia.nocookie.net/palworld/images/d/d9/Tocotoco.png
토푸리,https://static.wikia.nocookie.net/palworld/images/f/f0/Flopie.png
밀카우,https://static.wikia.nocookie.net/palworld/images/9/9d/Mozzarina.png
가시공주,https://static.wikia.nocookie.net/palworld/images/4/40/Bristla.png
샤키드,https://static.wikia.nocookie.net/palworld/images/f/f9/Gobfin.png
샤맨더,https://static.wikia.nocookie.net/palworld/images/6/67/Gobfin_Ignis.png
건다리,https://static.wikia.nocookie.net/palworld/images/6/6c/Hangyu.png
유령건다리,https://static.wikia.nocookie.net/palworld/images/d/df/Hangyu_Cryst.png
초판다,https://static.wikia.nocookie.net/palworld/images/b/b5/Mossanda.png
썬더판다,https://static.wikia.nocookie.net/palworld/images/4/4b/Mossanda_Lux.png
캔디쉽,https://static.wikia.nocookie.net/palworld/images/0/0f/Woolipop.png
베리고트,https://static.wikia.nocookie.net/palworld/images/5/5f/Caprity.png
멜파카,https://static.wikia.nocookie.net/palworld/images/a/a0/Melpaca.png
신령사슴,https://static.wikia.nocookie.net/palworld/images/5/59/Eikthyrdeer.png
산령사슴,https://static.wikia.nocookie.net/palworld/images/a/ac/Eikthyrdeer_Terra.png
나이트윙,https://static.wikia.nocookie.net/palworld/images/b/bf/Nitewing.png
핑토,https://static.wikia.nocookie.net/palworld/images/f/f1/Ribbuny.png
헬고트,https://static.wikia.nocookie.net/palworld/images/b/b1/Incineram.png
아비스고트,https://static.wikia.nocookie.net/palworld/images/7/76/Incineram_Noct.png
귀요비,https://static.wikia.nocookie.net/palworld/images/c/cb/Cinnamoth.png
불페르노,https://static.wikia.nocookie.net/palworld/images/a/a4/Arsox.png
도도롱,https://static.wikia.nocookie.net/palworld/images/8/89/Dumud.png
마스크로우,https://static.wikia.nocookie.net/palworld/images/d/d1/Cawgnito.png
도마맨,https://static.wikia.nocookie.net/palworld/images/4/4d/Leezpunk.png
칠리자드,https://static.wikia.nocookie.net/palworld/images/b/ba/Leezpunk_Ignis.png
달서니,https://static.wikia.nocookie.net/palworld/images/f/f8/Loupmoon.png
질풍수리,https://static.wikia.nocookie.net/palworld/images/8/8a/Galeclaw.png
로빈몽,https://static.wikia.nocookie.net/palworld/images/1/13/Robinquill.png
산도로,https://static.wikia.nocookie.net/palworld/images/4/42/Robinquill_Terra.png
고릴레이지,https://static.wikia.nocookie.net/palworld/images/8/8f/Gorirat.png
비나이트,https://static.wikia.nocookie.net/palworld/images/5/56/Beegarde.png
퀸비나,https://static.wikia.nocookie.net/palworld/images/6/6d/Elizabee.png
소름냥이,https://static.wikia.nocookie.net/palworld/images/0/09/Grintale.png
모프링,https://static.wikia.nocookie.net/palworld/images/7/73/Swee.png
모프킹,https://static.wikia.nocookie.net/palworld/images/9/93/Sweepa.png
베비뇽,https://static.wikia.nocookie.net/palworld/images/5/50/Chillet.png
썬더콘,https://static.wikia.nocookie.net/palworld/images/2/25/Univolt.png
빙호?,https://static.wikia.nocookie.net/palworld/images/7/7b/Foxcicle.png
파이린,https://static.wikia.nocookie.net/palworld/images/a/ab/Pyrin.png
사라블랙,https://static.wikia.nocookie.net/palworld/images/7/72/Pyrin_Noct.png
얼음 사슴,https://static.wikia.nocookie.net/palworld/images/5/5f/Reindrix.png
썬도그,https://static.wikia.nocookie.net/palworld/images/2/26/Rayhound.png
불이리,https://static.wikia.nocookie.net/palworld/images/c/c4/Kitsun.png
썬더 키드,https://static.wikia.nocookie.net/palworld/images/9/99/Dazzi.png
루나리스,https://static.wikia.nocookie.net/palworld/images/c/ce/Lunaris.png
플로라디노,https://static.wikia.nocookie.net/palworld/images/9/99/Dinossom.png
찌르르디노,https://static.wikia.nocookie.net/palworld/images/b/b7/Dinossom_Lux.png
씨무기,https://static.wikia.nocookie.net/palworld/images/f/f9/Surfent.png
스너펜트,https://static.wikia.nocookie.net/palworld/images/6/63/Surfent_Terra.png
고스호스,https://static.wikia.nocookie.net/palworld/images/7/7c/Maraith.png
드릴북이,https://static.wikia.nocookie.net/palworld/images/9/98/Digtoise.png
냥뱃,https://static.wikia.nocookie.net/palworld/images/1/17/Tombat.png
핑크뇽,https://static.wikia.nocookie.net/palworld/images/a/af/Lovander.png
라비,https://static.wikia.nocookie.net/palworld/images/1/19/Flambelle.png
버드래곤,https://static.wikia.nocookie.net/palworld/images/8/89/Vanwyrm.png
시로카바네,https://static.wikia.nocookie.net/palworld/images/4/42/Vanwyrm_Cryst.png
불무사,https://static.wikia.nocookie.net/palworld/images/c/c0/Bushi.png
라이버드,https://static.wikia.nocookie.net/palworld/images/6/67/Beakon.png
적토조,https://static.wikia.nocookie.net/palworld/images/c/c3/Ragnahawk.png
캐티메이지,https://static.wikia.nocookie.net/palworld/images/8/8d/Katress.png
마호,https://static.wikia.nocookie.net/palworld/images/f/fd/Wixen.png
초토리,https://static.wikia.nocookie.net/palworld/images/c/c5/Verdash.png
비오레타,https://static.wikia.nocookie.net/palworld/images/a/a0/Vaelet.png
실키누,https://static.wikia.nocookie.net/palworld/images/c/cb/Sibelyx.png
실피아,https://static.wikia.nocookie.net/palworld/images/3/34/Elphidran.png
실티아,https://static.wikia.nocookie.net/palworld/images/6/65/Elphidran_Aqua.png
켈시,https://static.wikia.nocookie.net/palworld/images/1/17/Kelpsea.png
마그피스,https://static.wikia.nocookie.net/palworld/images/d/d7/Kelpsea_Ignis.png
아주리비,https://static.wikia.nocookie.net/palworld/images/b/bc/Azurobe.png
백랑이,https://static.wikia.nocookie.net/palworld/images/8/89/Cryolinx.png
만티파이어,https://static.wikia.nocookie.net/palworld/images/6/6a/Blazehowl.png
시니에노,https://static.wikia.nocookie.net/palworld/images/a/a2/Blazehowl_Noct.png
헤로롱,https://static.wikia.nocookie.net/palworld/images/0/0d/Relaxaurus.png
핑피롱,https://static.wikia.nocookie.net/palworld/images/7/72/Relaxaurus_Lux.png
라브라돈,https://static.wikia.nocookie.net/palworld/images/8/81/Broncherry.png
스프라돈,https://static.wikia.nocookie.net/palworld/images/1/18/Broncherry_Aqua.png
플로리나,https://static.wikia.nocookie.net/palworld/images/4/4e/Petallia.png
볼카노,https://static.wikia.nocookie.net/palworld/images/e/e4/Reptyro.png
프로스카노,https://static.wikia.nocookie.net/palworld/images/5/57/Ice_Reptyro.png
킹파카,https://static.wikia.nocookie.net/palworld/images/0/0d/Kingpaca.png
블루파카,https://static.wikia.nocookie.net/palworld/images/b/bd/Ice_Kingpaca.png
그린모스,https://static.wikia.nocookie.net/palworld/images/2/26/Mammorest.png
블리자모스,https://static.wikia.nocookie.net/palworld/images/3/34/Mammorest_Cryst.png
움포,https://static.wikia.nocookie.net/palworld/images/9/9b/Wumpo.png
트로피티,https://static.wikia.nocookie.net/palworld/images/a/a2/Wumpo_Botan.png
장수벌레,https://static.wikia.nocookie.net/palworld/images/3/3a/Warsect.png
윈드디어,https://static.wikia.nocookie.net/palworld/images/3/31/Fenglope.png
블러드캐티,https://static.wikia.nocookie.net/palworld/images/c/c7/Felbat.png
페스키,https://static.wikia.nocookie.net/palworld/images/c/cc/Quivern.png
마그마 카이저,https://static.wikia.nocookie.net/palworld/images/0/00/Blazamut.png
헬가루다,https://static.wikia.nocookie.net/palworld/images/9/9d/Helzephyr.png
라바드래곤,https://static.wikia.nocookie.net/palworld/images/4/48/Astegon.png
데스 스팅,https://static.wikia.nocookie.net/palworld/images/2/2e/Menasting.png
아누비스,https://static.wikia.nocookie.net/palworld/images/2/26/Anubis.png
레비드라,https://static.wikia.nocookie.net/palworld/images/9/95/Jormuntide.png
아그니드라,https://static.wikia.nocookie.net/palworld/images/f/f8/Jormuntide_Ignis.png
주작,https://static.wikia.nocookie.net/palworld/images/1/1a/Suzaku.png
시바,https://static.wikia.nocookie.net/palworld/images/2/22/Suzaku_Aqua.png
일렉판다,https://static.wikia.nocookie.net/palworld/images/d/dd/Grizzbolt.png
릴린,https://static.wikia.nocookie.net/palworld/images/2/2b/Lyleen.png
루나퀸,https://static.wikia.nocookie.net/palworld/images/a/a0/Lyleen_Noct.png
호루스,https://static.wikia.nocookie.net/palworld/images/8/84/Faleris.png
전룡맨,https://static.wikia.nocookie.net/palworld/images/1/14/Orserk.png
제노그리프,https://static.wikia.nocookie.net/palworld/images/1/16/Shadowbeak.png
팔라디우스,https://static.wikia.nocookie.net/palworld/images/b/b8/Paladius.png
켄타나이트,https://static.wikia.nocookie.net/palworld/images/2/20/Necromus.png
빙천마,https://static.wikia.nocookie.net/palworld/images/4/4f/Frostallion.png
그레이섀도우,https://static.wikia.nocookie.net/palworld/images/b/b7/Frostallion_Noct.png
제트래곤,https://static.wikia.nocookie.net/palworld/images/f/fd/Jetragon.png
,https://consultix.radiantthemes.com/demo-nine/wp-content/themes/consultix/images/no-image-found-360x250.png
